{
  "best_val_acc": 0.9399166666666666,
  "test_acc": 0.9502487562189055,
  "epoch": 18,
  "timestamp": "20250624_212656"
}