{
  "best_val_acc": 0.9404423701298701,
  "test_acc": 0.961926091825308,
  "epoch": 21,
  "timestamp": "20250630_221227"
}